Attribute,Weights
# FTSE100,0.7748450856934427
GDP,0.016518239354813606
GNIph,0.022373892711787975
EG,0.005520333738505294
IR,0.0007236648590483659
CPI,0.014321860442576315
UR,0.028636487331643545
AWE,0.006645804414583332
LC,0.028390943587869817
BDIR,0.0013013887856941518
BCIR,0.021821946118750563
I,0.025352602015086143
FDI,0.009770521468666651
IP,0.03056100955180244
RS,0.003935237966041405
HP,0.004689243518026831
PMI,0.004591738441660884
