Debtors_Turnover,Gearing,Liquidity_Ratio,Profit_Margin
8.148349887856456,31.164298180004984,0.7274915217153485,-4.152412410050726
