Return_on_Equity,Return_on_Capital_Employed,Profit_Margin,Gross_Margin,Net_Assets_Turnover,Current_Ratio,Liquidity_Ratio,Creditors_Payment,Debtors_Turnover,Stock_Turnover,Gearing,Interest_Cover,Cash_Flow_Coverage,Current_Liability_Coverage
-26.327599102468213,-24.30939226519337,-4.152412410050726,33.20750265424089,5.8542817679558015,1.1529373153921891,0.7274915217153485,4.156104722290189,8.148349887856456,6.539213165338134,31.164298180004984,-20.705882352941178,-1.2192192192192193,-0.044415271852094956
